[
  {
    "id": "619f7775-d9e8-4826-8785-2a53207ffeec",
    "data": [
      {
        "text": "sabe me dizer quantos ",
        "userDefined": false
      },
      {
        "text": "pesos",
        "meta": "@sys.currency-name",
        "alias": "currency-name",
        "userDefined": false
      },
      {
        "text": " são ",
        "userDefined": false
      },
      {
        "text": "50 rupias",
        "meta": "@sys.unit-currency",
        "alias": "unit-currency",
        "userDefined": false
      }
    ],
    "isTemplate": false,
    "count": 0,
    "lang": "pt-br",
    "updated": 0
  },
  {
    "id": "c6b92b34-3db6-4784-9b13-a84cdd73b58f",
    "data": [
      {
        "text": "sabe me informar quanto é ",
        "userDefined": false
      },
      {
        "text": "200 euros",
        "meta": "@sys.unit-currency",
        "alias": "unit-currency",
        "userDefined": false
      },
      {
        "text": " em ",
        "userDefined": false
      },
      {
        "text": "real",
        "meta": "@sys.currency-name",
        "alias": "currency-name",
        "userDefined": false
      }
    ],
    "isTemplate": false,
    "count": 0,
    "lang": "pt-br",
    "updated": 0
  },
  {
    "id": "d3145414-ee0e-43a1-8082-d4b56bfe2393",
    "data": [
      {
        "text": "pode me dizer qual o valor de ",
        "userDefined": false
      },
      {
        "text": "100 reais",
        "meta": "@sys.unit-currency",
        "alias": "unit-currency",
        "userDefined": false
      },
      {
        "text": " em ",
        "userDefined": false
      },
      {
        "text": "dolar",
        "meta": "@sys.currency-name",
        "alias": "currency-name",
        "userDefined": false
      },
      {
        "text": "?",
        "userDefined": false
      }
    ],
    "isTemplate": false,
    "count": 0,
    "lang": "pt-br",
    "updated": 0
  },
  {
    "id": "fb3de35d-0504-4f75-8d66-88c6c8571431",
    "data": [
      {
        "text": "quero saber quantos ",
        "userDefined": false
      },
      {
        "text": "reais",
        "meta": "@sys.currency-name",
        "alias": "currency-name",
        "userDefined": false
      },
      {
        "text": " ",
        "userDefined": false
      },
      {
        "text": "são",
        "userDefined": false
      },
      {
        "text": " ",
        "userDefined": false
      },
      {
        "text": "100 euros",
        "meta": "@sys.unit-currency",
        "alias": "unit-currency",
        "userDefined": false
      }
    ],
    "isTemplate": false,
    "count": 0,
    "lang": "pt-br",
    "updated": 0
  },
  {
    "id": "87cf23ef-c707-4cd4-81f5-5cb93efa4c5f",
    "data": [
      {
        "text": "converta ",
        "userDefined": false
      },
      {
        "text": "100 dolares",
        "meta": "@sys.unit-currency",
        "alias": "unit-currency",
        "userDefined": false
      },
      {
        "text": " ",
        "userDefined": false
      },
      {
        "text": "para",
        "userDefined": false
      },
      {
        "text": " ",
        "userDefined": false
      },
      {
        "text": "yen",
        "meta": "@sys.currency-name",
        "alias": "currency-name",
        "userDefined": false
      }
    ],
    "isTemplate": false,
    "count": 0,
    "lang": "pt-br",
    "updated": 0
  },
  {
    "id": "043fea81-fde7-4204-876f-cb02330d3396",
    "data": [
      {
        "text": "5 dolares",
        "meta": "@sys.unit-currency",
        "alias": "unit-currency",
        "userDefined": false
      },
      {
        "text": " são quantos ",
        "userDefined": false
      },
      {
        "text": "yenes",
        "meta": "@sys.currency-name",
        "alias": "currency-name",
        "userDefined": false
      }
    ],
    "isTemplate": false,
    "count": 0,
    "lang": "pt-br",
    "updated": 0
  },
  {
    "id": "09bf3359-aca6-4bac-85ca-06b7e3a06feb",
    "data": [
      {
        "text": "Quantos ",
        "userDefined": false
      },
      {
        "text": "dólares",
        "meta": "@sys.currency-name",
        "alias": "currency-name",
        "userDefined": false
      },
      {
        "text": " são ",
        "userDefined": false
      },
      {
        "text": "100 reais",
        "meta": "@sys.unit-currency",
        "alias": "unit-currency",
        "userDefined": false
      },
      {
        "text": "?",
        "userDefined": false
      }
    ],
    "isTemplate": false,
    "count": 0,
    "lang": "pt-br",
    "updated": 0
  }
]