[
  {
    "id": "3b69c07a-a6ec-42d7-a70f-bb4199d66b34",
    "data": [
      {
        "text": "nao compreendi",
        "userDefined": false
      }
    ],
    "isTemplate": false,
    "count": 0,
    "lang": "pt-br",
    "updated": 0
  },
  {
    "id": "831c8221-8fed-4730-ac45-a7d5763b72d1",
    "data": [
      {
        "text": "não entendi",
        "userDefined": false
      }
    ],
    "isTemplate": false,
    "count": 0,
    "lang": "pt-br",
    "updated": 0
  },
  {
    "id": "b396b722-5f7a-45fd-b28e-60906b5e9309",
    "data": [
      {
        "text": "como usar",
        "userDefined": false
      }
    ],
    "isTemplate": false,
    "count": 0,
    "lang": "pt-br",
    "updated": 0
  },
  {
    "id": "b6ef61aa-f839-4c17-8e47-0191d9689322",
    "data": [
      {
        "text": "não sei como usar",
        "userDefined": false
      }
    ],
    "isTemplate": false,
    "count": 0,
    "lang": "pt-br",
    "updated": 0
  },
  {
    "id": "c1c5d7e6-e1c1-4eb7-bd6a-bb3c3deeb62d",
    "data": [
      {
        "text": "ajude-me",
        "userDefined": false
      }
    ],
    "isTemplate": false,
    "count": 0,
    "lang": "pt-br",
    "updated": 0
  },
  {
    "id": "84772cfa-42f8-46a1-8480-5ee4472500d3",
    "data": [
      {
        "text": "por",
        "userDefined": false
      },
      {
        "text": " favor me ajude",
        "userDefined": false
      }
    ],
    "isTemplate": false,
    "count": 0,
    "lang": "pt-br",
    "updated": 0
  },
  {
    "id": "44833897-989e-4340-85fc-41d748cacaec",
    "data": [
      {
        "text": "por",
        "userDefined": false
      },
      {
        "text": " favor como uso o sistema",
        "userDefined": false
      }
    ],
    "isTemplate": false,
    "count": 0,
    "lang": "pt-br",
    "updated": 0
  },
  {
    "id": "31121c9f-b1f8-4dfa-afd0-48864003575e",
    "data": [
      {
        "text": "assistencia",
        "userDefined": false
      }
    ],
    "isTemplate": false,
    "count": 0,
    "lang": "pt-br",
    "updated": 0
  },
  {
    "id": "f6e9780d-935a-499d-bab5-528a85a0f7d6",
    "data": [
      {
        "text": "me",
        "userDefined": false
      },
      {
        "text": " ajude",
        "userDefined": false
      }
    ],
    "isTemplate": false,
    "count": 0,
    "lang": "pt-br",
    "updated": 0
  },
  {
    "id": "6c2064dd-b881-46fa-8195-c6a92d2d3250",
    "data": [
      {
        "text": "como usar o bot",
        "userDefined": false
      }
    ],
    "isTemplate": false,
    "count": 0,
    "lang": "pt-br",
    "updated": 0
  },
  {
    "id": "8fe9e8b4-e74c-4631-b150-b2f12474442a",
    "data": [
      {
        "text": "como uso o sistema",
        "userDefined": false
      }
    ],
    "isTemplate": false,
    "count": 0,
    "lang": "pt-br",
    "updated": 0
  },
  {
    "id": "af13f457-a91e-47c4-9fe6-082bc34f7cca",
    "data": [
      {
        "text": "como uso",
        "userDefined": false
      }
    ],
    "isTemplate": false,
    "count": 0,
    "lang": "pt-br",
    "updated": 0
  },
  {
    "id": "b1e1e6cb-11d4-4cf4-9030-daed04427a6a",
    "data": [
      {
        "text": "pode me ajudar",
        "userDefined": false
      }
    ],
    "isTemplate": false,
    "count": 0,
    "lang": "pt-br",
    "updated": 0
  },
  {
    "id": "60434500-0a09-4d65-8f95-e3e479600306",
    "data": [
      {
        "text": "ajuda",
        "userDefined": false
      }
    ],
    "isTemplate": false,
    "count": 0,
    "lang": "pt-br",
    "updated": 0
  },
  {
    "id": "612d1e12-2439-43f4-81de-0b3fd6d0e26a",
    "data": [
      {
        "text": "preciso de ajuda",
        "userDefined": false
      }
    ],
    "isTemplate": false,
    "count": 0,
    "lang": "pt-br",
    "updated": 0
  },
  {
    "id": "03b4a102-c10e-4035-8236-196f92baa134",
    "data": [
      {
        "text": "não estou conseguindo",
        "userDefined": false
      }
    ],
    "isTemplate": false,
    "count": 0,
    "lang": "pt-br",
    "updated": 0
  },
  {
    "id": "e936c82e-f9fc-48d6-b76b-9e328c7e518a",
    "data": [
      {
        "text": "Help Intent",
        "userDefined": false
      }
    ],
    "isTemplate": false,
    "count": 0,
    "lang": "pt-br",
    "updated": 0
  }
]