[
  {
    "id": "3a766f38-ae90-4152-ae2c-9a505cef11c4",
    "data": [
      {
        "text": "quero a cotação ",
        "userDefined": false
      },
      {
        "text": "geral",
        "meta": "@geral",
        "alias": "geral",
        "userDefined": true
      }
    ],
    "isTemplate": false,
    "count": 0,
    "lang": "pt-br",
    "updated": 0
  },
  {
    "id": "77ad8bb6-6a52-4d13-b7db-f35d4b6703a0",
    "data": [
      {
        "text": "qual a cotação ",
        "userDefined": false
      },
      {
        "text": "do",
        "userDefined": false
      },
      {
        "text": " ",
        "userDefined": false
      },
      {
        "text": "dolar",
        "meta": "@sys.currency-name",
        "alias": "currency-name-quote",
        "userDefined": false
      }
    ],
    "isTemplate": false,
    "count": 0,
    "lang": "pt-br",
    "updated": 0
  }
]